fever,cough,fatigue,headache,sore_throat,nausea,vomiting,joint_pain,skin_rash,stomach_pain,disease
1,1,1,1,1,0,0,0,0,0,Common Cold
1,1,1,0,1,0,0,0,0,0,Common Cold
0,1,1,1,1,0,0,0,0,0,Common Cold
1,1,1,1,0,0,0,1,0,0,Flu
1,1,1,1,0,1,0,1,0,0,Flu
1,0,1,1,0,0,0,1,0,0,Flu
1,0,1,1,0,1,1,0,0,1,Food Poisoning
0,0,1,0,0,1,1,0,0,1,Food Poisoning
0,0,0,0,0,1,1,0,0,1,Food Poisoning
1,0,1,1,0,0,0,1,1,0,Dengue
1,1,1,1,0,0,0,1,1,0,Dengue
1,0,1,0,0,0,0,1,1,0,Dengue
1,0,1,1,0,1,0,1,0,0,Typhoid
1,0,1,1,0,1,1,1,0,0,Typhoid
1,0,1,0,0,1,1,0,0,0,Typhoid
0,0,1,1,1,0,0,0,0,0,Migraine
0,0,0,1,0,0,0,0,0,0,Migraine
0,0,1,1,0,0,0,0,0,0,Migraine
0,0,1,0,0,0,0,1,1,0,Arthritis
0,0,1,0,0,0,0,1,0,0,Arthritis
0,0,0,0,0,0,0,1,1,0,Arthritis